<?xml version="1.0" encoding="UTF-8"?>
<metadata xml:lang="en"><Esri><CreaDate>20160809</CreaDate><CreaTime>10125400</CreaTime><ArcGISFormat>1.0</ArcGISFormat><SyncOnce>FALSE</SyncOnce><DataProperties><itemProps><itemLocation><linkage Sync="TRUE">file://\\tgeorge\giresearch\Workplace_Zones\Boundaries\Final_boundaries\WPZ_FINAL_NI_SNAP_FME_CLEANED_TOPCopy</linkage><protocol Sync="TRUE">Local Area Network</protocol></itemLocation><itemName Sync="TRUE">WPZ_FINAL_NI_SNAP_FME_CLEANED_AS_Top</itemName><imsContentType Sync="TRUE">002</imsContentType><itemSize Sync="TRUE">0.000</itemSize></itemProps><copyHistory><copy source="X:\Workplace_Zones\Boundaries\Final_boundaries\WPZ_FINAL_NI_SNAP_FME_CLEANED_TOP" dest="\\tgeorge\giresearch\Workplace_Zones\Boundaries\Final_boundaries\WPZ_FINAL_NI_SNAP_FME_CLEANED_TOPCopy" date="20160809" time="10125400"></copy></copyHistory><lineage><Process ToolSource="D:\1. GAI Production\Boundary Library Tools\Boundary Library.tbx\RepairGeometry" Date="20150904" Time="133139">RepairGeometry WPZ_FINAL_NI_SNAP_FME_CLEANEDCopy KEEP_NULL</Process><Process ToolSource="c:\program files (x86)\arcgis\desktop10.1\ArcToolbox\Toolboxes\Conversion Tools.tbx\FeatureClassToFeatureClass" Date="20150904" Time="133549">FeatureClassToFeatureClass WPZ_FINAL_NI_SNAP_FME_CLEANEDCopy "D:\2. QA\WZ_NI\New File Geodatabase.gdb\WPZ_NI" WPZ_FINAL_NI_SNAP_FME_CLEANED_AS_Top # "OBJECTID "OBJECTID" true true false 9 Long 0 9 ,First,#,D:\2. QA\WZ_NI\WPZ_FINAL_NI_SNAP_FME_CLEANEDCopy.shp,OBJECTID,-1,-1;CD "CD" true true false 20 Text 0 0 ,First,#,D:\2. QA\WZ_NI\WPZ_FINAL_NI_SNAP_FME_CLEANEDCopy.shp,CD,-1,-1;NM "NM" true true false 254 Text 0 0 ,First,#,D:\2. QA\WZ_NI\WPZ_FINAL_NI_SNAP_FME_CLEANEDCopy.shp,NM,-1,-1;THRESH1 "THRESH1" true true false 19 Double 0 0 ,First,#,D:\2. QA\WZ_NI\WPZ_FINAL_NI_SNAP_FME_CLEANEDCopy.shp,THRESH1,-1,-1;THRESH2 "THRESH2" true true false 19 Double 0 0 ,First,#,D:\2. QA\WZ_NI\WPZ_FINAL_NI_SNAP_FME_CLEANEDCopy.shp,THRESH2,-1,-1;COUNT01 "COUNT01" true true false 19 Double 0 0 ,First,#,D:\2. QA\WZ_NI\WPZ_FINAL_NI_SNAP_FME_CLEANEDCopy.shp,COUNT01,-1,-1;COUNT02 "COUNT02" true true false 19 Double 0 0 ,First,#,D:\2. QA\WZ_NI\WPZ_FINAL_NI_SNAP_FME_CLEANEDCopy.shp,COUNT02,-1,-1;COUNT03 "COUNT03" true true false 19 Double 0 0 ,First,#,D:\2. QA\WZ_NI\WPZ_FINAL_NI_SNAP_FME_CLEANEDCopy.shp,COUNT03,-1,-1;COUNT04 "COUNT04" true true false 19 Double 0 0 ,First,#,D:\2. QA\WZ_NI\WPZ_FINAL_NI_SNAP_FME_CLEANEDCopy.shp,COUNT04,-1,-1;COUNT05 "COUNT05" true true false 19 Double 0 0 ,First,#,D:\2. QA\WZ_NI\WPZ_FINAL_NI_SNAP_FME_CLEANEDCopy.shp,COUNT05,-1,-1;COUNT06 "COUNT06" true true false 19 Double 0 0 ,First,#,D:\2. QA\WZ_NI\WPZ_FINAL_NI_SNAP_FME_CLEANEDCopy.shp,COUNT06,-1,-1;COUNT07 "COUNT07" true true false 19 Double 0 0 ,First,#,D:\2. QA\WZ_NI\WPZ_FINAL_NI_SNAP_FME_CLEANEDCopy.shp,COUNT07,-1,-1;COUNT08 "COUNT08" true true false 19 Double 0 0 ,First,#,D:\2. QA\WZ_NI\WPZ_FINAL_NI_SNAP_FME_CLEANEDCopy.shp,COUNT08,-1,-1;COUNT09 "COUNT09" true true false 19 Double 0 0 ,First,#,D:\2. QA\WZ_NI\WPZ_FINAL_NI_SNAP_FME_CLEANEDCopy.shp,COUNT09,-1,-1;COUNT10 "COUNT10" true true false 19 Double 0 0 ,First,#,D:\2. QA\WZ_NI\WPZ_FINAL_NI_SNAP_FME_CLEANEDCopy.shp,COUNT10,-1,-1;COUNT11 "COUNT11" true true false 19 Double 0 0 ,First,#,D:\2. QA\WZ_NI\WPZ_FINAL_NI_SNAP_FME_CLEANEDCopy.shp,COUNT11,-1,-1;COUNT12 "COUNT12" true true false 19 Double 0 0 ,First,#,D:\2. QA\WZ_NI\WPZ_FINAL_NI_SNAP_FME_CLEANEDCopy.shp,COUNT12,-1,-1;COUNT13 "COUNT13" true true false 19 Double 0 0 ,First,#,D:\2. QA\WZ_NI\WPZ_FINAL_NI_SNAP_FME_CLEANEDCopy.shp,COUNT13,-1,-1;COUNT14 "COUNT14" true true false 19 Double 0 0 ,First,#,D:\2. QA\WZ_NI\WPZ_FINAL_NI_SNAP_FME_CLEANEDCopy.shp,COUNT14,-1,-1;COUNT15 "COUNT15" true true false 19 Double 0 0 ,First,#,D:\2. QA\WZ_NI\WPZ_FINAL_NI_SNAP_FME_CLEANEDCopy.shp,COUNT15,-1,-1;COUNT16 "COUNT16" true true false 19 Double 0 0 ,First,#,D:\2. QA\WZ_NI\WPZ_FINAL_NI_SNAP_FME_CLEANEDCopy.shp,COUNT16,-1,-1;COUNT17 "COUNT17" true true false 19 Double 0 0 ,First,#,D:\2. QA\WZ_NI\WPZ_FINAL_NI_SNAP_FME_CLEANEDCopy.shp,COUNT17,-1,-1;COUNT18 "COUNT18" true true false 19 Double 0 0 ,First,#,D:\2. QA\WZ_NI\WPZ_FINAL_NI_SNAP_FME_CLEANEDCopy.shp,COUNT18,-1,-1;COUNT19 "COUNT19" true true false 19 Double 0 0 ,First,#,D:\2. QA\WZ_NI\WPZ_FINAL_NI_SNAP_FME_CLEANEDCopy.shp,COUNT19,-1,-1;COUNT20 "COUNT20" true true false 19 Double 0 0 ,First,#,D:\2. QA\WZ_NI\WPZ_FINAL_NI_SNAP_FME_CLEANEDCopy.shp,COUNT20,-1,-1;COUNT21 "COUNT21" true true false 19 Double 0 0 ,First,#,D:\2. QA\WZ_NI\WPZ_FINAL_NI_SNAP_FME_CLEANEDCopy.shp,COUNT21,-1,-1;COUNT22 "COUNT22" true true false 19 Double 0 0 ,First,#,D:\2. QA\WZ_NI\WPZ_FINAL_NI_SNAP_FME_CLEANEDCopy.shp,COUNT22,-1,-1;COUNT23 "COUNT23" true true false 19 Double 0 0 ,First,#,D:\2. QA\WZ_NI\WPZ_FINAL_NI_SNAP_FME_CLEANEDCopy.shp,COUNT23,-1,-1;COUNT24 "COUNT24" true true false 19 Double 0 0 ,First,#,D:\2. QA\WZ_NI\WPZ_FINAL_NI_SNAP_FME_CLEANEDCopy.shp,COUNT24,-1,-1;COUNT25 "COUNT25" true true false 19 Double 0 0 ,First,#,D:\2. QA\WZ_NI\WPZ_FINAL_NI_SNAP_FME_CLEANEDCopy.shp,COUNT25,-1,-1;COUNT26 "COUNT26" true true false 19 Double 0 0 ,First,#,D:\2. QA\WZ_NI\WPZ_FINAL_NI_SNAP_FME_CLEANEDCopy.shp,COUNT26,-1,-1;COUNT27 "COUNT27" true true false 19 Double 0 0 ,First,#,D:\2. QA\WZ_NI\WPZ_FINAL_NI_SNAP_FME_CLEANEDCopy.shp,COUNT27,-1,-1;LADCD "LADCD" true true false 9 Text 0 0 ,First,#,D:\2. QA\WZ_NI\WPZ_FINAL_NI_SNAP_FME_CLEANEDCopy.shp,LADCD,-1,-1;SHAPE_Leng "SHAPE_Leng" true true false 19 Double 0 0 ,First,#,D:\2. QA\WZ_NI\WPZ_FINAL_NI_SNAP_FME_CLEANEDCopy.shp,SHAPE_Leng,-1,-1;SHAPE_Area "SHAPE_Area" true true false 19 Double 0 0 ,First,#,D:\2. QA\WZ_NI\WPZ_FINAL_NI_SNAP_FME_CLEANEDCopy.shp,SHAPE_Area,-1,-1" #</Process><Process ToolSource="c:\program files (x86)\arcgis\desktop10.1\ArcToolbox\Toolboxes\Conversion Tools.tbx\FeatureClassToFeatureClass" Date="20150904" Time="141252">FeatureClassToFeatureClass "D:\2. QA\WZ_NI\New File Geodatabase.gdb\WPZ_NI\WPZ_FINAL_NI_SNAP_FME_CLEANED_AS_Top" "D:\2. QA\WZ_NI" WPZ_FINAL_NI_SNAP_FME_CLEANED_AS_Top.shp # "OBJECTID "OBJECTID" true true false 4 Long 0 0 ,First,#,D:\2. QA\WZ_NI\New File Geodatabase.gdb\WPZ_NI\WPZ_FINAL_NI_SNAP_FME_CLEANED_AS_Top,OBJECTID,-1,-1;CD "CD" true true false 20 Text 0 0 ,First,#,D:\2. QA\WZ_NI\New File Geodatabase.gdb\WPZ_NI\WPZ_FINAL_NI_SNAP_FME_CLEANED_AS_Top,CD,-1,-1;NM "NM" true true false 254 Text 0 0 ,First,#,D:\2. QA\WZ_NI\New File Geodatabase.gdb\WPZ_NI\WPZ_FINAL_NI_SNAP_FME_CLEANED_AS_Top,NM,-1,-1;THRESH1 "THRESH1" true true false 8 Double 0 0 ,First,#,D:\2. QA\WZ_NI\New File Geodatabase.gdb\WPZ_NI\WPZ_FINAL_NI_SNAP_FME_CLEANED_AS_Top,THRESH1,-1,-1;THRESH2 "THRESH2" true true false 8 Double 0 0 ,First,#,D:\2. QA\WZ_NI\New File Geodatabase.gdb\WPZ_NI\WPZ_FINAL_NI_SNAP_FME_CLEANED_AS_Top,THRESH2,-1,-1;COUNT01 "COUNT01" true true false 8 Double 0 0 ,First,#,D:\2. QA\WZ_NI\New File Geodatabase.gdb\WPZ_NI\WPZ_FINAL_NI_SNAP_FME_CLEANED_AS_Top,COUNT01,-1,-1;COUNT02 "COUNT02" true true false 8 Double 0 0 ,First,#,D:\2. QA\WZ_NI\New File Geodatabase.gdb\WPZ_NI\WPZ_FINAL_NI_SNAP_FME_CLEANED_AS_Top,COUNT02,-1,-1;COUNT03 "COUNT03" true true false 8 Double 0 0 ,First,#,D:\2. QA\WZ_NI\New File Geodatabase.gdb\WPZ_NI\WPZ_FINAL_NI_SNAP_FME_CLEANED_AS_Top,COUNT03,-1,-1;COUNT04 "COUNT04" true true false 8 Double 0 0 ,First,#,D:\2. QA\WZ_NI\New File Geodatabase.gdb\WPZ_NI\WPZ_FINAL_NI_SNAP_FME_CLEANED_AS_Top,COUNT04,-1,-1;COUNT05 "COUNT05" true true false 8 Double 0 0 ,First,#,D:\2. QA\WZ_NI\New File Geodatabase.gdb\WPZ_NI\WPZ_FINAL_NI_SNAP_FME_CLEANED_AS_Top,COUNT05,-1,-1;COUNT06 "COUNT06" true true false 8 Double 0 0 ,First,#,D:\2. QA\WZ_NI\New File Geodatabase.gdb\WPZ_NI\WPZ_FINAL_NI_SNAP_FME_CLEANED_AS_Top,COUNT06,-1,-1;COUNT07 "COUNT07" true true false 8 Double 0 0 ,First,#,D:\2. QA\WZ_NI\New File Geodatabase.gdb\WPZ_NI\WPZ_FINAL_NI_SNAP_FME_CLEANED_AS_Top,COUNT07,-1,-1;COUNT08 "COUNT08" true true false 8 Double 0 0 ,First,#,D:\2. QA\WZ_NI\New File Geodatabase.gdb\WPZ_NI\WPZ_FINAL_NI_SNAP_FME_CLEANED_AS_Top,COUNT08,-1,-1;COUNT09 "COUNT09" true true false 8 Double 0 0 ,First,#,D:\2. QA\WZ_NI\New File Geodatabase.gdb\WPZ_NI\WPZ_FINAL_NI_SNAP_FME_CLEANED_AS_Top,COUNT09,-1,-1;COUNT10 "COUNT10" true true false 8 Double 0 0 ,First,#,D:\2. QA\WZ_NI\New File Geodatabase.gdb\WPZ_NI\WPZ_FINAL_NI_SNAP_FME_CLEANED_AS_Top,COUNT10,-1,-1;COUNT11 "COUNT11" true true false 8 Double 0 0 ,First,#,D:\2. QA\WZ_NI\New File Geodatabase.gdb\WPZ_NI\WPZ_FINAL_NI_SNAP_FME_CLEANED_AS_Top,COUNT11,-1,-1;COUNT12 "COUNT12" true true false 8 Double 0 0 ,First,#,D:\2. QA\WZ_NI\New File Geodatabase.gdb\WPZ_NI\WPZ_FINAL_NI_SNAP_FME_CLEANED_AS_Top,COUNT12,-1,-1;COUNT13 "COUNT13" true true false 8 Double 0 0 ,First,#,D:\2. QA\WZ_NI\New File Geodatabase.gdb\WPZ_NI\WPZ_FINAL_NI_SNAP_FME_CLEANED_AS_Top,COUNT13,-1,-1;COUNT14 "COUNT14" true true false 8 Double 0 0 ,First,#,D:\2. QA\WZ_NI\New File Geodatabase.gdb\WPZ_NI\WPZ_FINAL_NI_SNAP_FME_CLEANED_AS_Top,COUNT14,-1,-1;COUNT15 "COUNT15" true true false 8 Double 0 0 ,First,#,D:\2. QA\WZ_NI\New File Geodatabase.gdb\WPZ_NI\WPZ_FINAL_NI_SNAP_FME_CLEANED_AS_Top,COUNT15,-1,-1;COUNT16 "COUNT16" true true false 8 Double 0 0 ,First,#,D:\2. QA\WZ_NI\New File Geodatabase.gdb\WPZ_NI\WPZ_FINAL_NI_SNAP_FME_CLEANED_AS_Top,COUNT16,-1,-1;COUNT17 "COUNT17" true true false 8 Double 0 0 ,First,#,D:\2. QA\WZ_NI\New File Geodatabase.gdb\WPZ_NI\WPZ_FINAL_NI_SNAP_FME_CLEANED_AS_Top,COUNT17,-1,-1;COUNT18 "COUNT18" true true false 8 Double 0 0 ,First,#,D:\2. QA\WZ_NI\New File Geodatabase.gdb\WPZ_NI\WPZ_FINAL_NI_SNAP_FME_CLEANED_AS_Top,COUNT18,-1,-1;COUNT19 "COUNT19" true true false 8 Double 0 0 ,First,#,D:\2. QA\WZ_NI\New File Geodatabase.gdb\WPZ_NI\WPZ_FINAL_NI_SNAP_FME_CLEANED_AS_Top,COUNT19,-1,-1;COUNT20 "COUNT20" true true false 8 Double 0 0 ,First,#,D:\2. QA\WZ_NI\New File Geodatabase.gdb\WPZ_NI\WPZ_FINAL_NI_SNAP_FME_CLEANED_AS_Top,COUNT20,-1,-1;COUNT21 "COUNT21" true true false 8 Double 0 0 ,First,#,D:\2. QA\WZ_NI\New File Geodatabase.gdb\WPZ_NI\WPZ_FINAL_NI_SNAP_FME_CLEANED_AS_Top,COUNT21,-1,-1;COUNT22 "COUNT22" true true false 8 Double 0 0 ,First,#,D:\2. QA\WZ_NI\New File Geodatabase.gdb\WPZ_NI\WPZ_FINAL_NI_SNAP_FME_CLEANED_AS_Top,COUNT22,-1,-1;COUNT23 "COUNT23" true true false 8 Double 0 0 ,First,#,D:\2. QA\WZ_NI\New File Geodatabase.gdb\WPZ_NI\WPZ_FINAL_NI_SNAP_FME_CLEANED_AS_Top,COUNT23,-1,-1;COUNT24 "COUNT24" true true false 8 Double 0 0 ,First,#,D:\2. QA\WZ_NI\New File Geodatabase.gdb\WPZ_NI\WPZ_FINAL_NI_SNAP_FME_CLEANED_AS_Top,COUNT24,-1,-1;COUNT25 "COUNT25" true true false 8 Double 0 0 ,First,#,D:\2. QA\WZ_NI\New File Geodatabase.gdb\WPZ_NI\WPZ_FINAL_NI_SNAP_FME_CLEANED_AS_Top,COUNT25,-1,-1;COUNT26 "COUNT26" true true false 8 Double 0 0 ,First,#,D:\2. QA\WZ_NI\New File Geodatabase.gdb\WPZ_NI\WPZ_FINAL_NI_SNAP_FME_CLEANED_AS_Top,COUNT26,-1,-1;COUNT27 "COUNT27" true true false 8 Double 0 0 ,First,#,D:\2. QA\WZ_NI\New File Geodatabase.gdb\WPZ_NI\WPZ_FINAL_NI_SNAP_FME_CLEANED_AS_Top,COUNT27,-1,-1;LADCD "LADCD" true true false 9 Text 0 0 ,First,#,D:\2. QA\WZ_NI\New File Geodatabase.gdb\WPZ_NI\WPZ_FINAL_NI_SNAP_FME_CLEANED_AS_Top,LADCD,-1,-1;SHAPE_Leng "SHAPE_Leng" true true false 8 Double 0 0 ,First,#,D:\2. QA\WZ_NI\New File Geodatabase.gdb\WPZ_NI\WPZ_FINAL_NI_SNAP_FME_CLEANED_AS_Top,SHAPE_Leng,-1,-1;Shape_Le_1 "Shape_Le_1" false true true 8 Double 0 0 ,First,#,D:\2. QA\WZ_NI\New File Geodatabase.gdb\WPZ_NI\WPZ_FINAL_NI_SNAP_FME_CLEANED_AS_Top,Shape_Length,-1,-1;Shape_Area "Shape_Area" false true true 8 Double 0 0 ,First,#,D:\2. QA\WZ_NI\New File Geodatabase.gdb\WPZ_NI\WPZ_FINAL_NI_SNAP_FME_CLEANED_AS_Top,Shape_Area,-1,-1" #</Process></lineage><coordRef><type Sync="TRUE">Projected</type><geogcsn Sync="TRUE">GCS_TM65</geogcsn><csUnits Sync="TRUE">Linear Unit: Meter (1.000000)</csUnits><projcsn Sync="TRUE">TM65_Irish_Grid</projcsn><peXml Sync="TRUE">&lt;ProjectedCoordinateSystem xsi:type='typens:ProjectedCoordinateSystem' xmlns:xsi='http://www.w3.org/2001/XMLSchema-instance' xmlns:xs='http://www.w3.org/2001/XMLSchema' xmlns:typens='http://www.esri.com/schemas/ArcGIS/10.1'&gt;&lt;WKT&gt;PROJCS[&amp;quot;TM65_Irish_Grid&amp;quot;,GEOGCS[&amp;quot;GCS_TM65&amp;quot;,DATUM[&amp;quot;D_TM65&amp;quot;,SPHEROID[&amp;quot;Airy_Modified&amp;quot;,6377340.189,299.3249646]],PRIMEM[&amp;quot;Greenwich&amp;quot;,0.0],UNIT[&amp;quot;Degree&amp;quot;,0.0174532925199433]],PROJECTION[&amp;quot;Transverse_Mercator&amp;quot;],PARAMETER[&amp;quot;False_Easting&amp;quot;,200000.0],PARAMETER[&amp;quot;False_Northing&amp;quot;,250000.0],PARAMETER[&amp;quot;Central_Meridian&amp;quot;,-8.0],PARAMETER[&amp;quot;Scale_Factor&amp;quot;,1.000035],PARAMETER[&amp;quot;Latitude_Of_Origin&amp;quot;,53.5],UNIT[&amp;quot;Meter&amp;quot;,1.0],AUTHORITY[&amp;quot;EPSG&amp;quot;,29902]]&lt;/WKT&gt;&lt;XOrigin&gt;-5422600&lt;/XOrigin&gt;&lt;YOrigin&gt;-15681100&lt;/YOrigin&gt;&lt;XYScale&gt;450301423.55198777&lt;/XYScale&gt;&lt;ZOrigin&gt;-100000&lt;/ZOrigin&gt;&lt;ZScale&gt;10000&lt;/ZScale&gt;&lt;MOrigin&gt;-100000&lt;/MOrigin&gt;&lt;MScale&gt;10000&lt;/MScale&gt;&lt;XYTolerance&gt;0.001&lt;/XYTolerance&gt;&lt;ZTolerance&gt;0.001&lt;/ZTolerance&gt;&lt;MTolerance&gt;0.001&lt;/MTolerance&gt;&lt;HighPrecision&gt;true&lt;/HighPrecision&gt;&lt;WKID&gt;29900&lt;/WKID&gt;&lt;LatestWKID&gt;29902&lt;/LatestWKID&gt;&lt;/ProjectedCoordinateSystem&gt;</peXml></coordRef></DataProperties><SyncDate>20150904</SyncDate><SyncTime>14125000</SyncTime><ModDate>20150904</ModDate><ModTime>14125000</ModTime></Esri><dataIdInfo><envirDesc Sync="TRUE">Microsoft Windows 7 Version 6.1 (Build 7601) Service Pack 1; Esri ArcGIS 10.1.1.3143</envirDesc><dataLang><languageCode value="eng" Sync="TRUE"></languageCode><countryCode value="GBR" Sync="TRUE"></countryCode></dataLang><idCitation><resTitle Sync="TRUE">WPZ_FINAL_NI_SNAP_FME_CLEANED_AS_Top</resTitle><presForm><PresFormCd value="005" Sync="TRUE"></PresFormCd></presForm></idCitation><spatRpType><SpatRepTypCd value="001" Sync="TRUE"></SpatRepTypCd></spatRpType></dataIdInfo><mdLang><languageCode value="eng" Sync="TRUE"></languageCode><countryCode value="GBR" Sync="TRUE"></countryCode></mdLang><distInfo><distFormat><formatName Sync="TRUE">Shapefile</formatName></distFormat><distTranOps><transSize Sync="TRUE">0.000</transSize></distTranOps></distInfo><mdHrLv><ScopeCd value="005" Sync="TRUE"></ScopeCd></mdHrLv><mdHrLvName Sync="TRUE">dataset</mdHrLvName><refSysInfo><RefSystem><refSysID><identCode code="29902" Sync="TRUE"></identCode><idCodeSpace Sync="TRUE">EPSG</idCodeSpace><idVersion Sync="TRUE">7.11.2</idVersion></refSysID></RefSystem></refSysInfo><spatRepInfo><VectSpatRep><geometObjs Name="WPZ_FINAL_NI_SNAP_FME_CLEANED_AS_Top"><geoObjTyp><GeoObjTypCd value="002" Sync="TRUE"></GeoObjTypCd></geoObjTyp><geoObjCnt Sync="TRUE">0</geoObjCnt></geometObjs><topLvl><TopoLevCd value="001" Sync="TRUE"></TopoLevCd></topLvl></VectSpatRep></spatRepInfo><spdoinfo><ptvctinf><esriterm Name="WPZ_FINAL_NI_SNAP_FME_CLEANED_AS_Top"><efeatyp Sync="TRUE">Simple</efeatyp><efeageom code="4" Sync="TRUE"></efeageom><esritopo Sync="TRUE">FALSE</esritopo><efeacnt Sync="TRUE">0</efeacnt><spindex Sync="TRUE">FALSE</spindex><linrefer Sync="TRUE">FALSE</linrefer></esriterm></ptvctinf></spdoinfo><eainfo><detailed Name="WPZ_FINAL_NI_SNAP_FME_CLEANED_AS_Top"><enttyp><enttypl Sync="TRUE">WPZ_FINAL_NI_SNAP_FME_CLEANED_AS_Top</enttypl><enttypt Sync="TRUE">Feature Class</enttypt><enttypc Sync="TRUE">0</enttypc></enttyp><attr><attrlabl Sync="TRUE">FID</attrlabl><attalias Sync="TRUE">FID</attalias><attrtype Sync="TRUE">OID</attrtype><attwidth Sync="TRUE">4</attwidth><atprecis Sync="TRUE">0</atprecis><attscale Sync="TRUE">0</attscale><attrdef Sync="TRUE">Internal feature number.</attrdef><attrdefs Sync="TRUE">Esri</attrdefs><attrdomv><udom Sync="TRUE">Sequential unique whole numbers that are automatically generated.</udom></attrdomv></attr><attr><attrlabl Sync="TRUE">Shape</attrlabl><attalias Sync="TRUE">Shape</attalias><attrtype Sync="TRUE">Geometry</attrtype><attwidth Sync="TRUE">0</attwidth><atprecis Sync="TRUE">0</atprecis><attscale Sync="TRUE">0</attscale><attrdef Sync="TRUE">Feature geometry.</attrdef><attrdefs Sync="TRUE">Esri</attrdefs><attrdomv><udom Sync="TRUE">Coordinates defining the features.</udom></attrdomv></attr><attr><attrlabl Sync="TRUE">OBJECTID</attrlabl><attalias Sync="TRUE">OBJECTID</attalias><attrtype Sync="TRUE">Integer</attrtype><attwidth Sync="TRUE">9</attwidth><atprecis Sync="TRUE">9</atprecis><attscale Sync="TRUE">0</attscale></attr><attr><attrlabl Sync="TRUE">CD</attrlabl><attalias Sync="TRUE">CD</attalias><attrtype Sync="TRUE">String</attrtype><attwidth Sync="TRUE">20</attwidth><atprecis Sync="TRUE">0</atprecis><attscale Sync="TRUE">0</attscale></attr><attr><attrlabl Sync="TRUE">NM</attrlabl><attalias Sync="TRUE">NM</attalias><attrtype Sync="TRUE">String</attrtype><attwidth Sync="TRUE">254</attwidth><atprecis Sync="TRUE">0</atprecis><attscale Sync="TRUE">0</attscale></attr><attr><attrlabl Sync="TRUE">THRESH1</attrlabl><attalias Sync="TRUE">THRESH1</attalias><attrtype Sync="TRUE">Double</attrtype><attwidth Sync="TRUE">19</attwidth><atprecis Sync="TRUE">0</atprecis><attscale Sync="TRUE">0</attscale></attr><attr><attrlabl Sync="TRUE">THRESH2</attrlabl><attalias Sync="TRUE">THRESH2</attalias><attrtype Sync="TRUE">Double</attrtype><attwidth Sync="TRUE">19</attwidth><atprecis Sync="TRUE">0</atprecis><attscale Sync="TRUE">0</attscale></attr><attr><attrlabl Sync="TRUE">COUNT01</attrlabl><attalias Sync="TRUE">COUNT01</attalias><attrtype Sync="TRUE">Double</attrtype><attwidth Sync="TRUE">19</attwidth><atprecis Sync="TRUE">0</atprecis><attscale Sync="TRUE">0</attscale></attr><attr><attrlabl Sync="TRUE">COUNT02</attrlabl><attalias Sync="TRUE">COUNT02</attalias><attrtype Sync="TRUE">Double</attrtype><attwidth Sync="TRUE">19</attwidth><atprecis Sync="TRUE">0</atprecis><attscale Sync="TRUE">0</attscale></attr><attr><attrlabl Sync="TRUE">COUNT03</attrlabl><attalias Sync="TRUE">COUNT03</attalias><attrtype Sync="TRUE">Double</attrtype><attwidth Sync="TRUE">19</attwidth><atprecis Sync="TRUE">0</atprecis><attscale Sync="TRUE">0</attscale></attr><attr><attrlabl Sync="TRUE">COUNT04</attrlabl><attalias Sync="TRUE">COUNT04</attalias><attrtype Sync="TRUE">Double</attrtype><attwidth Sync="TRUE">19</attwidth><atprecis Sync="TRUE">0</atprecis><attscale Sync="TRUE">0</attscale></attr><attr><attrlabl Sync="TRUE">COUNT05</attrlabl><attalias Sync="TRUE">COUNT05</attalias><attrtype Sync="TRUE">Double</attrtype><attwidth Sync="TRUE">19</attwidth><atprecis Sync="TRUE">0</atprecis><attscale Sync="TRUE">0</attscale></attr><attr><attrlabl Sync="TRUE">COUNT06</attrlabl><attalias Sync="TRUE">COUNT06</attalias><attrtype Sync="TRUE">Double</attrtype><attwidth Sync="TRUE">19</attwidth><atprecis Sync="TRUE">0</atprecis><attscale Sync="TRUE">0</attscale></attr><attr><attrlabl Sync="TRUE">COUNT07</attrlabl><attalias Sync="TRUE">COUNT07</attalias><attrtype Sync="TRUE">Double</attrtype><attwidth Sync="TRUE">19</attwidth><atprecis Sync="TRUE">0</atprecis><attscale Sync="TRUE">0</attscale></attr><attr><attrlabl Sync="TRUE">COUNT08</attrlabl><attalias Sync="TRUE">COUNT08</attalias><attrtype Sync="TRUE">Double</attrtype><attwidth Sync="TRUE">19</attwidth><atprecis Sync="TRUE">0</atprecis><attscale Sync="TRUE">0</attscale></attr><attr><attrlabl Sync="TRUE">COUNT09</attrlabl><attalias Sync="TRUE">COUNT09</attalias><attrtype Sync="TRUE">Double</attrtype><attwidth Sync="TRUE">19</attwidth><atprecis Sync="TRUE">0</atprecis><attscale Sync="TRUE">0</attscale></attr><attr><attrlabl Sync="TRUE">COUNT10</attrlabl><attalias Sync="TRUE">COUNT10</attalias><attrtype Sync="TRUE">Double</attrtype><attwidth Sync="TRUE">19</attwidth><atprecis Sync="TRUE">0</atprecis><attscale Sync="TRUE">0</attscale></attr><attr><attrlabl Sync="TRUE">COUNT11</attrlabl><attalias Sync="TRUE">COUNT11</attalias><attrtype Sync="TRUE">Double</attrtype><attwidth Sync="TRUE">19</attwidth><atprecis Sync="TRUE">0</atprecis><attscale Sync="TRUE">0</attscale></attr><attr><attrlabl Sync="TRUE">COUNT12</attrlabl><attalias Sync="TRUE">COUNT12</attalias><attrtype Sync="TRUE">Double</attrtype><attwidth Sync="TRUE">19</attwidth><atprecis Sync="TRUE">0</atprecis><attscale Sync="TRUE">0</attscale></attr><attr><attrlabl Sync="TRUE">COUNT13</attrlabl><attalias Sync="TRUE">COUNT13</attalias><attrtype Sync="TRUE">Double</attrtype><attwidth Sync="TRUE">19</attwidth><atprecis Sync="TRUE">0</atprecis><attscale Sync="TRUE">0</attscale></attr><attr><attrlabl Sync="TRUE">COUNT14</attrlabl><attalias Sync="TRUE">COUNT14</attalias><attrtype Sync="TRUE">Double</attrtype><attwidth Sync="TRUE">19</attwidth><atprecis Sync="TRUE">0</atprecis><attscale Sync="TRUE">0</attscale></attr><attr><attrlabl Sync="TRUE">COUNT15</attrlabl><attalias Sync="TRUE">COUNT15</attalias><attrtype Sync="TRUE">Double</attrtype><attwidth Sync="TRUE">19</attwidth><atprecis Sync="TRUE">0</atprecis><attscale Sync="TRUE">0</attscale></attr><attr><attrlabl Sync="TRUE">COUNT16</attrlabl><attalias Sync="TRUE">COUNT16</attalias><attrtype Sync="TRUE">Double</attrtype><attwidth Sync="TRUE">19</attwidth><atprecis Sync="TRUE">0</atprecis><attscale Sync="TRUE">0</attscale></attr><attr><attrlabl Sync="TRUE">COUNT17</attrlabl><attalias Sync="TRUE">COUNT17</attalias><attrtype Sync="TRUE">Double</attrtype><attwidth Sync="TRUE">19</attwidth><atprecis Sync="TRUE">0</atprecis><attscale Sync="TRUE">0</attscale></attr><attr><attrlabl Sync="TRUE">COUNT18</attrlabl><attalias Sync="TRUE">COUNT18</attalias><attrtype Sync="TRUE">Double</attrtype><attwidth Sync="TRUE">19</attwidth><atprecis Sync="TRUE">0</atprecis><attscale Sync="TRUE">0</attscale></attr><attr><attrlabl Sync="TRUE">COUNT19</attrlabl><attalias Sync="TRUE">COUNT19</attalias><attrtype Sync="TRUE">Double</attrtype><attwidth Sync="TRUE">19</attwidth><atprecis Sync="TRUE">0</atprecis><attscale Sync="TRUE">0</attscale></attr><attr><attrlabl Sync="TRUE">COUNT20</attrlabl><attalias Sync="TRUE">COUNT20</attalias><attrtype Sync="TRUE">Double</attrtype><attwidth Sync="TRUE">19</attwidth><atprecis Sync="TRUE">0</atprecis><attscale Sync="TRUE">0</attscale></attr><attr><attrlabl Sync="TRUE">COUNT21</attrlabl><attalias Sync="TRUE">COUNT21</attalias><attrtype Sync="TRUE">Double</attrtype><attwidth Sync="TRUE">19</attwidth><atprecis Sync="TRUE">0</atprecis><attscale Sync="TRUE">0</attscale></attr><attr><attrlabl Sync="TRUE">COUNT22</attrlabl><attalias Sync="TRUE">COUNT22</attalias><attrtype Sync="TRUE">Double</attrtype><attwidth Sync="TRUE">19</attwidth><atprecis Sync="TRUE">0</atprecis><attscale Sync="TRUE">0</attscale></attr><attr><attrlabl Sync="TRUE">COUNT23</attrlabl><attalias Sync="TRUE">COUNT23</attalias><attrtype Sync="TRUE">Double</attrtype><attwidth Sync="TRUE">19</attwidth><atprecis Sync="TRUE">0</atprecis><attscale Sync="TRUE">0</attscale></attr><attr><attrlabl Sync="TRUE">COUNT24</attrlabl><attalias Sync="TRUE">COUNT24</attalias><attrtype Sync="TRUE">Double</attrtype><attwidth Sync="TRUE">19</attwidth><atprecis Sync="TRUE">0</atprecis><attscale Sync="TRUE">0</attscale></attr><attr><attrlabl Sync="TRUE">COUNT25</attrlabl><attalias Sync="TRUE">COUNT25</attalias><attrtype Sync="TRUE">Double</attrtype><attwidth Sync="TRUE">19</attwidth><atprecis Sync="TRUE">0</atprecis><attscale Sync="TRUE">0</attscale></attr><attr><attrlabl Sync="TRUE">COUNT26</attrlabl><attalias Sync="TRUE">COUNT26</attalias><attrtype Sync="TRUE">Double</attrtype><attwidth Sync="TRUE">19</attwidth><atprecis Sync="TRUE">0</atprecis><attscale Sync="TRUE">0</attscale></attr><attr><attrlabl Sync="TRUE">COUNT27</attrlabl><attalias Sync="TRUE">COUNT27</attalias><attrtype Sync="TRUE">Double</attrtype><attwidth Sync="TRUE">19</attwidth><atprecis Sync="TRUE">0</atprecis><attscale Sync="TRUE">0</attscale></attr><attr><attrlabl Sync="TRUE">LADCD</attrlabl><attalias Sync="TRUE">LADCD</attalias><attrtype Sync="TRUE">String</attrtype><attwidth Sync="TRUE">9</attwidth><atprecis Sync="TRUE">0</atprecis><attscale Sync="TRUE">0</attscale></attr><attr><attrlabl Sync="TRUE">SHAPE_Leng</attrlabl><attalias Sync="TRUE">SHAPE_Leng</attalias><attrtype Sync="TRUE">Double</attrtype><attwidth Sync="TRUE">19</attwidth><atprecis Sync="TRUE">0</atprecis><attscale Sync="TRUE">0</attscale></attr><attr><attrlabl Sync="TRUE">Shape_Le_1</attrlabl><attalias Sync="TRUE">Shape_Le_1</attalias><attrtype Sync="TRUE">Double</attrtype><attwidth Sync="TRUE">19</attwidth><atprecis Sync="TRUE">0</atprecis><attscale Sync="TRUE">0</attscale></attr><attr><attrlabl Sync="TRUE">Shape_Area</attrlabl><attalias Sync="TRUE">Shape_Area</attalias><attrtype Sync="TRUE">Double</attrtype><attwidth Sync="TRUE">19</attwidth><atprecis Sync="TRUE">0</atprecis><attscale Sync="TRUE">0</attscale><attrdef Sync="TRUE">Area of feature in internal units squared.</attrdef><attrdefs Sync="TRUE">Esri</attrdefs><attrdomv><udom Sync="TRUE">Positive real numbers that are automatically generated.</udom></attrdomv></attr></detailed></eainfo><mdDateSt Sync="TRUE">20150904</mdDateSt></metadata>
